{
  "Author": "rasil",
  "Name": "Deep Dungeon Score",
  "InternalName": "DeepDungeonScore",
  "AssemblyVersion": "1.0.0.0",
  "Description": "Use /ddscore to open the scoreboard.",
  "ApplicableVersion": "any",
  "RepoUrl": "",
  "Tags": [
    "deepdungeon",
    "scoreboard",
    "ui"
  ],
  "CategoryTags": [
    "Gameplay",
    "Score Tracking",
    "Utility"
  ],
  "DalamudApiLevel": 14,
  "LoadRequiredState": 0,
  "LoadSync": false,
  "CanUnloadAsync": false,
  "LoadPriority": 0,
  "Punchline": "Scoreboard for Deep Dungeons.",
  "AcceptsFeedback": true
}